<employees>
    <employee id="1">
        <name>
            <firstName>John</firstName>
            <lastName>Doe</lastName>
        </name>
        <address>
            <flat></flat>
            <house>H# 38</house>
            <road>R# 3</road>
            <region>Banani</region>
            <district>Dhaka</district>
        </address>
        <depertment>Sales</depertment>
        <salary>$20000</salary>
    </employee>
    <employee id="2">
        <name>
            <firstName>Mark</firstName>
            <lastName>Zuckerberg</lastName>
        </name>
        <address>
            <flat>Flat# A/1</flat>
            <house>H# 20</house>
            <road>R# 18</road>
            <region>Mirpur</region>
            <district>Dhaka</district>
        </address>
        <depertment>Accounts</depertment>
        <salary>$12000</salary>
    </employee>
    <employee id="3">
        <name>
            <firstName>Ala</firstName>
            <lastName>Voski</lastName>
        </name>
        <address>
            <flat></flat>
            <house>H# 38</house>
            <road>R# 3</road>
            <region>Mirpur</region>
            <district></district>
        </address>
        <depertment>Human Resource</depertment>
        <salary>$30000</salary>
    </employee>
</employees>