{"1":{"productID":"22","name":"Carol Phelps","imgUrl":"https:\/\/images.pexels.com\/photos\/19090\/pexels-photo.jpg?auto=compress&cs=tinysrgb&w=1260&h=750&dpr=1","description":"Distinctio Nihil ve","price":"170"},"4":{"productID":"2022","name":"ULTRABOST DNA X COPA WORLD CUP SHOES","imgUrl":"https:\/\/assets.adidas.com\/images\/h_2000,f_auto,q_auto,fl_lossy,c_fill,g_auto\/0e9986712bdc42b4a7b2aea801869551_9366\/Ultraboost_DNA_x_Copa_World_Cup_Shoes_Blue_GW7271_011_hover_standard.jpg","description":"Collegiate Navy\/Bright Yellow\/ Team Power Red 2","price":"160"}}